Name Of School/Team,Harmonized Name
Abilene Christian University,Abilene Christian
Adrian College,Adrian College
Air Force,Air Force
Akron,Akron
Akron Groomsmen,Akron
University of Akron,Akron
Alabama,Alabama
Alabama ,Alabama
Alabama Crimson Tide,Alabama
"ALABAMA, UNIVERSITY OF ALABAMA (CRIMSON TIDE)",Alabama
Auburn University (Coach Caddy Version),Alabama
Bama,Alabama
Extra Points,Protect Trans Kids University
RMFT,Alabama
The University of Alabama,Alabama
University of Alabama,Alabama
University of Alabama ,Alabama
Alaska,University of Alaska Anchorage
Alaska (Fairbanks),University of Alaska Fairbanks
Alaska-Anchorage,University of Alaska Anchorage
Alaska Fairbanks,University of Alaska Fairbanks
University of Alaska,University of Alaska Anchorage
University of Alaska Anchorage,University of Alaska Anchorage
University of Alaska Anchorage ,University of Alaska Anchorage
University of Alaska Fairbanks,University of Alaska Fairbanks
University of Alaska Southeast,University of Alaska Southeast
University of Anchorage Alaska,University of Alaska Anchorage
Alaska Pacific University,Alaska Pacific
Alaska Pacific,Alaska Pacific
ALBION COLLEGE,Albion College
Albion College ,Albion College
Allegheny,Allegheny College
Alma College,Alma College
American University,American University
American University,American University
American University,American University
Amherst College,Amherst College
Amherst College ,Amherst College
Anderson University,Anderson University (IN)
Anderson University (Trojans),Anderson University (SC)
Anna Maria College,Anna Maria College
App State,Appalachian State
Appalachian State,Appalachian State
Appalachian State University,Appalachian State
Appalachian State University ,Appalachian State
Arizona,Arizona
Arizona Wildcats,Arizona
"ARIZONA, UNIVERSITY OF ARIZONA  (WILDCATS)",Arizona
"ARIZONA, UNIVERSITY OF ARIZONA (WILDCATS)",Arizona
University of Arizona,Arizona
Arizona state,Arizona State
Arizona State ,Arizona State
Arizona State Sun Devils,Arizona State
Arizona State University,Arizona State
Arizona State University ,Arizona State
Bob Dylan's Catalog,Protect Trans Kids University
Justin Wilson Culinary Institute of Technology & Bait Shoppe,Protect Trans Kids University
Nobody,Protect Trans Kids University
South Harmon Institute of Technology,Protect Trans Kids University
Team Chaos,Protect Trans Kids University
Tufts University (but let's just say Arizona St),Arizona State
Universidad de Hijo del Vikingo,Protect Trans Kids University
Arkansas,Arkansas
Arkansas,Arkansas
Arkansas ,Arkansas
Arkansas Razorbacks,Arkansas
Arkansas Razorsads,Arkansas
"Arkansas, lulz",Arkansas
"ARKANSAS, UNIVERSITY OF ARKANSAS",Arkansas
University of Arkansas,Arkansas
Arkansas State,Arkansas State
Arkansas State University,Arkansas State
Arkansas Tech,Arkansas Tech
Arkansas Tech University (The Wonder Boys),Arkansas Tech
Army,Army
Army (West Point),Army
Army West Point,Army
US Army Air Corps,Army
Ashland University,Ashland University
Auburn,Auburn
auburn ,Auburn
Auburn Jesus,Auburn
Auburn Tigers,Auburn
Auburn University,Auburn
Auburn University ,Auburn
AUBURN UNIVERSITY (TIGERS),Auburn
Kings College (PA),King's College (PA)
Augsburg,Augsburg University
Augsburg University MN,Augsburg University
Augsburg University MN,Augsburg University
Augustana College (IL),Augustana College
Augustana University,Augustana University
Austin Peay,Austin Peay
Baldwin Wallace University,Baldwin Wallace University
Ball State,Ball State
BALL STATE UNIVERSITY,Ball State
Barber Scotia College,Barber Scotia College
Bard College,Bard College
Barnard College,Barnard College
Baruch College,Baruch College
BATES COLLEGE,Bates College
Baylor,Baylor
Baylor ,Baylor
Baylor University,Baylor
BAYLOR UNIVERSITY (BEARS),Baylor
Bellarmine University,Bellarmine University
Belmont University,Belmont University
Benedictine College,Benedictine College
Berry College,Berry College
Bethel University (VT),Bethel University (VT)
HBCUs,Protect Trans Kids University
Binghamton University,Binghamton University
Birmingham-Southern College,Birmingham-Southern College
Birmingham-Southern College Panthers,Birmingham-Southern College
Bishop's University,Bishop's University
Bishop's University,Bishop's University
Black Hills State University,Black Hills State
Black Hills State,Black Hills State
Boise State,Boise State
Boston College,Boston College
Boston University,Boston University
Bowdoin College,Bowdoin College
Bowling Green,Bowling Green
Bowling Green State University,Bowling Green
Bradley,Bradley University
Bradley University,Bradley University
Bradley University,Bradley University
Bradley University (Peoria Illinois),Bradley University
Brandeis,Brandeis
Brandeis University,Brandeis
Bridgewater College,Bridgewater College
Brown,Brown
BROWN,Brown
Brown University,Brown
Bryant University,Bryant University
Bryant University,Bryant University
Bryn Mawr,Bryn Mawr
Bucknell,Bucknell
Bucknell Bison,Bucknell
Bucknell University,Bucknell
Buena Vista University,Buena Vista University
Buffalo,Buffalo
Buffalo ,Buffalo
Buffalo (University at Buffalo),Buffalo
"Buffalo (University at Buffalo/SUNY Buffalo, depending on who you ask)",Buffalo
SUNY BUFFALO,Buffalo
University at Buffalo,Buffalo
Butler University,Butler
Butler Bulldogs,Butler
Brigham Young University,BYU
BYU,BYU
Cabrini University - Final Four,Cabrini University
Cal,Cal (Berkeley)
Cal Bears,Cal (Berkeley)
Cal Lutheran,Cal (Berkeley)
California,Cal (Berkeley)
CALIFORNIA GOLDEN BEARS,Cal (Berkeley)
Evan / Cal,Cal (Berkeley)
CAL (BERKELEY),Cal (Berkeley)
"CALIFORNIA, THE UNIVERSITY OF CALIFORNIA AT BERKELEY",Cal (Berkeley)
The University of California at Berkeley,Cal (Berkeley)
UC Berkeley,Cal (Berkeley)
CAL POLY,Cal Poly
Cal Poly - San Luis Obispo,Cal Poly
Cal Poly Pomona,Cal Poly Pomona
California State Polytechnic University Pomona,Cal Poly Pomona
Cal State Fullerton,Cal State Fullerton
Cal State Monterey Bay,Cal State Monterey Bay
"California State University, Monterey Bay",Cal State Monterey Bay
CSU Monterey Bay,Cal State Monterey Bay
Cal State San Bernardino,Cal State San Bernardino
"California State University, San Bernardino",Cal State San Bernardino
California Lutheran University,California Lutheran University
Cal U of PA,California University of Pennsylvania
CALIFORNIA UNIVERSITY OF PENNSYLVANIA,California University of Pennsylvania
California University of Pennsylvania,California University of Pennsylvania
California University of Pennsylvania (RIP),California University of Pennsylvania
California Institute of Technology,Caltech
Caltech,Caltech
Campbell University,Campbell University
Canisius College,Canisius University
Capital University,Capital University
Carleton College,Carleton College
Carleton University,Carleton University
Carleton University ,Carleton University
Carnegie Mellon,Carnegie Mellon
Carnegie Mellon University,Carnegie Mellon
Carroll University,Carroll University
Carson-Newman Beach Volleyball,Carson-Newman
Carson-Newman,Carson-Newman
Case Western Reserve,Case Western Reserve
CASE WESTERN RESERVE UNIVERSITY,Case Western Reserve
Case Western Reserve University ,Case Western Reserve
Catholic Univeristy,Catholic University of America
Catholic University of America,Catholic University of America
Catholic Univeristy,Catholic University of America
Catholic U,Catholic University of America
Central College (IA),Central College
CENTRAL COLLEGE,Central College
Central Michgan,Central Michigan
Central Michigan,Central Michigan
Central Michigan ,Central Michigan
Central Michigan University,Central Michigan
Central Michigan University ,Central Michigan
University of Central Oklahoma,Central Oklahoma
Central Washington,Central Washington
Central Washington University,Central Washington
Central Washington University,Central Washington
Centre College,Centre College
Champlain College,Champlain College
Chapman University,Chapman University
Charlotte,Charlotte
UNC Charlotte,Charlotte
Chattanooga,Chattanooga
University of Tennessee at Chattanooga,Chattanooga
UT Chattanooga,Chattanooga
Chicago State,Chicago State
Chicago State,Chicago State
Cal State University: Chico,Chico State
California State University: Chico,Chico State
Chico State!,Chico State
California State University: Chico (Chico State),Chico State
Chico State,Chico State
Chico State,Chico State
"CSU, Chico",Chico State
Cincinnati,Cincinnati
Cincinnati Bearcats,Cincinnati
"CINCINNATI, UNIVERSITY OF CINCINNATI",Cincinnati
"CINCINNATI,UNIVERSITY OF CINCINNATI",Cincinnati
University of Cincinnati,Cincinnati
City College of New York,City College of New York
Clarion University of Pennsylvania,Clarion University of Pennsylvania
Clark Atlanta University,Clark Atlanta University
CAU,Clark Atlanta University
Clark University,Clark University
Clarkson University,Clarkson University
"Antioch the Birthday Spider Institute for Higher Learning, Mid-South Campus Extension",Protect Trans Kids University
Clemson,Clemson
Clemson ,Clemson
Clemson University,Clemson
Coast Guard Academy,Coast Guard Academy
US Coast Guard Academy,Coast Guard Academy
Coast Guard,Coast Guard Academy
Coastal Carolina,Coastal Carolina
COASTAL CAROLINA UNIVERSITY,Coastal Carolina
Colby'Sawyer College,Colby-Sawyer College
Colgate,Colgate
College of Idaho,College of Idaho
College of Idaho (not University of Idaho),College of Idaho
Colorado,Colorado
Colorado Buffaloes ,Colorado
Colorado Buffalos,Colorado
"COLORADO, UNIVERSITY OF COLORADO (BOULDER)",Colorado
University of Colorado,Colorado
University of Colorado ,Colorado
University of Colorado - Boulder,Colorado
University of Colorado Buffaloes,Colorado
University of Colorado Golden Buffaloes,Colorado
Colorado College,Colorado College
THE Colorado College,Colorado College
Colorado School of Mines,Colorado School of Mines
Colorado School of Mines ,Colorado School of Mines
Colorado State,Colorado State
Colorado State,Colorado State
Colorado State Rams,Colorado State
COLORADO STATE UNIVERSITY,Colorado State
JNCOlorado State University,Colorado State
JNCOlorado State University,Colorado State
Columbia,Columbia
Columbia,Columbia
Columbia U,Columbia
Columbia University,Columbia
COLUMBIA UNIVERSITY,Columbia
Concordia - Moorhead,Concordia-Moorhead
Concordia-Moorhead,Concordia-Moorhead
"CONNECTICUT, UNIVERSITY OF CONNECTICUT (UCONN)",Connecticut (UConn)
UConn,Connecticut (UConn)
CONNECTICUT (UCONN),Connecticut (UConn)
University of Connecticut,Connecticut (UConn)
Connecticut College,Connecticut College
Connecticut College (not UCONN),Connecticut College
Cornell,Cornell
Cornell,Cornell
Cornell University,Cornell
Cornell University,Cornell
Creighton,Creighton University
Creighton University,Creighton University
Dartmouth,Dartmouth
Dartmouth College,Dartmouth
Davidson,Davidson
Davidson College,Davidson
Dayton,Dayton
Dayton Flyers ,Dayton
"Dayton, University of Dayton",Dayton
University of Dayton,Dayton
Delaware,Delaware
Univeristy of Delaware,Delaware
University of Delaware,Delaware
University of Delaware,Delaware
THE Delaware Fightin' Blue Hens,Delaware
Delaware Fightin Blue Hens,Delaware
University of Delaware,Delaware
University of Delaware Fightin' Blue Hens,Delaware
Delaware Valley University (DelVal),Delaware Valley University
Delta State University,Delta State
Delta State University Fighting Okra,Delta State
Denison University,Denison University
Denison,Denison University
DePaul,DePaul
DePaul University,DePaul
DePauw,DePauw
DePauw Tigers,DePauw
DePauw University,DePauw
Dickinson College,Dickinson College
DOANE,Doane University
Doane ,Doane University
Drake University,Drake University
Drake,Drake University
Drexel,Drexel University
Drexel University,Drexel University
Duke,Duke
Duke University,Duke
Duquesne University,Duquesne University
Earlham College,Earlham College
East Carolina,East Carolina
East Carolina ,East Carolina
East Carolina University,East Carolina
East Tennessee State University,East Tennessee State
East Tennessee State,East Tennessee State
East Tennessee State University (ETSU),East Tennessee State
Eastern Illinois Panthers,Eastern Illinois
Eastern Illinois,Eastern Illinois
EASTERN KENTUCKY,Eastern Kentucky
Eastern Kentucky University,Eastern Kentucky
Eastern Kentucky University,Eastern Kentucky
Eastern Kentucky University,Eastern Kentucky
Eastern Michigan,Eastern Michigan
Eastern Michigan University,Eastern Michigan
Eastern New Mexico University,Eastern New Mexico University
Eastern Oregon,Eastern Oregon
Eastern Washington University,Eastern Washington University
Edge Hill University,Edge Hill University
Elon University,Elon
ELON,Elon
Embry-Riddle,Embry-Riddle
Embry-Riddle Aeronautical University,Embry-Riddle
Embry-Riddle Aeronautical University - Daytona Beach,Embry-Riddle
Emory,Emory
Emory University,Emory
Emory & Henry College,Emory & Henry College
University of Evansville,Evansville
Fairleigh Dickinson,Fairleigh Dickinson
Fanshawe,Fanshawe College
Fanshawe College,Fanshawe College
Ferris State University,Ferris State University
FIU,FIU
Florida International,FIU
Florida,Florida
Florida,Florida
Florida ,Florida
Florida Gators,Florida
Florida Gators ,Florida
"FLORIDA, UNIVERSITY OF FLORIDA",Florida
Go Gators,Florida
The @38Godfrey Academy for Apathetic Youngsters,Protect Trans Kids University
The @38Godfrey Academy for Apathetic Youngsters,Protect Trans Kids University
UF,Florida
University of Florida,Florida
University of Florida,Florida
University of Florida ,Florida
University of Florida Gators,Florida
FAMU,Florida A&M
Florida A&M University,Florida A&M
Florida Atlantic,Florida Atlantic (FAU)
Florida Atlantic,Florida Atlantic (FAU)
FLORIDA ATLANTIC (FAU),Florida Atlantic (FAU)
Florida Atlantic University,Florida Atlantic (FAU)
FLORIDA ATLANTIC UNIVERSITY (FAU),Florida Atlantic (FAU)
Florida Gulf Coast,Florida Gulf Coast
Florida Gulf Coast University (FGCU),Florida Gulf Coast
Florida Institute of Technology,Florida Institute of Technology
FLORIDA INSTITUTE OF TECHNOLOGY (PANTHERS),Florida Institute of Technology
Florida State,Florida State
Florida State University,Florida State
Florida State University ,Florida State
FLORIDA STATE UNIVERSITY (FSU),Florida State
FLORIDA STATE UNIVERSITY PANAMA CITY,Florida State
FSU,Florida State
Fordham,Fordham
Fordham,Fordham
Fordham University,Fordham
Fort Hays State,Fort Hays State
Fort Hays State Tigers,Fort Hays State
Franklin and Marshall College,Franklin & Marshall College
Fresno State,Fresno State
Friends University of Central Kansas,Friends University of Central Kansas
Furman,Furman
Furman,Furman
Furman Paladins,Furman
Furman University,Furman
Furman University,Furman
Gardner-Webb,Gardner-Webb University
Gardner-Webb,Gardner-Webb University
Gardner-Webb ,Gardner-Webb University
GARDNER-WEBB UNIVERSITY,Gardner-Webb University
Gardner-Webb University ,Gardner-Webb University
George Mason,George Mason
George Mason,George Mason
George Mason University,George Mason
George Washington,George Washington
George Washington,George Washington
George Washington Univ.,George Washington
George Washington University,George Washington
THE George Washington University,George Washington
Georgetown,Georgetown
"Georgetown, for some reason",Georgetown
Georgia,Georgia
Georgia ,Georgia
Georgia Bulldogs,Georgia
"GEORGIA, UNIVERSITY OF GEORGIA (UGA)",Georgia
THE University of Georgia Bulldogs,Georgia
UGA,Georgia
UGA,Georgia
Univ. of Georgia,Georgia
University of Georgia,Georgia
University of Georgia ,Georgia
Georgia College & State University,Georgia College & State University
Georgia College & State University (GCSU),Georgia College & State University
Georgia Gwinnett College,Georgia Gwinnett College
Georgia Southern,Georgia Southern
GEORGIA SOUTHERN (EAGLES),Georgia Southern
Georgia Southern aka the real GSU,Georgia Southern
Georgia Southern Eagles,Georgia Southern
Georgia State,Georgia State
Georgia State ,Georgia State
Georgia State Law,Georgia State
GEORGIA STATE UNIVERSITY,Georgia State
GA Tech,Georgia Tech
Georgia Institute of Technology,Georgia Tech
GEORGIA INSTITUTE OF TECHNOLOGY (GEORGIA TECH),Georgia Tech
Georgia Tech,Georgia Tech
Georgia Tech,Georgia Tech
Georgia Tech ,Georgia Tech
Georgia Tech Yellow Jackets,Georgia Tech
Gettysburg College,Gettysburg College
Gettysburg,Gettysburg College
Gettysburg College Mens Rugby,Gettysburg College
Glasgow University Tigers,Glasgow University
Gonzaga,Gonzaga
Gonzaga,Gonzaga
Gonzaga,Gonzaga
Gonzaga,Gonzaga
Gonzaga University,Gonzaga
"GCU, Beat Them Badgers.",Grand Canyon University 
Grand Canyon University,Grand Canyon University 
GRAND VALLEY STATE,Grand Valley State
Grand Valley State University,Grand Valley State
Grand Valley State University,Grand Valley State
Grinnell College,Grinnell College
Guilford,Guilford College
Guilford College,Guilford College
Guilford College,Guilford College
Guilford College ,Guilford College
Gustavus Adolphus College,Gustavus Adolphus College
Hamilton College,Hamilton College
Hamline University,Hamline University
HAMPDEN-SYDNEY,Hampden-Sydney
Hampden-Sydney College,Hampden-Sydney
Hampden-Sydney College,Hampden-Sydney
Hanover,Hanover College
Hanover College,Hanover College
Hanover College,Hanover College
Harding,Harding University
Harding University,Harding University
Harvard,Harvard
HARVARD,Harvard
Harvard,Harvard
Harvard Crimson,Harvard
Harvard University,Harvard
Harvard Law School,Harvard
HARVARD,Harvard
Haverford College,Haverford College
Hawai‘i,Hawai'i
Hawaii,Hawai'i
Kapi'olani Community College,Hawai'i
University of Hawai'i,Hawai'i
University of Hawaii at Punjab,Hawai'i
Heidelberg University,Heidelberg University
Hendrix College,Hendrix College
High Point University,High Point University
Hillsdale College,Hillsdale College
Hiram College,Hiram College
Hobart College,Hobart College
Hofstra,Hofstra
Hofstra University,Hofstra
College of the Holy Cross,Holy Cross
Holy Cross,Holy Cross
Holy Cross,Holy Cross
Hope College,Hope College
Houston,Houston
Houston ,Houston
Houston Cougars,Houston
UNIVERSITY OF HOUSTON,Houston
University of Houston Downtown,Houston
Howard University,Howard University
Idaho,Idaho
Idaho ,Idaho
Idaho Vandals,Idaho
University of Idaho,Idaho
Idaho State University,Idaho State
IDAHO STATE,Idaho State
Illinois,Illinois
Illinois ,Illinois
"ILLINOIS, UNIVERSITY OF ILLINOIS",Illinois
University of Illinois,Illinois
University of Illinois ,Illinois
University of Illinois at Urbana-Champaign,Illinois
Illinois State,Illinois State
Illinois State,Illinois State
Illinois Wesleyan University,Illinois Wesleyan University
INDIANA,Indiana
Indiana ,Indiana
Indiana Hoosiers,Indiana
Indiana University,Indiana
Indiana University ,Indiana
Indiana State University,Indiana State University
Indiana University-Southeast,Indiana University-Southeast
Iowa,Iowa
Iowa (Hawkeyes),Iowa
Iowa Hawkeyes,Iowa
"IOWA, UNIVERSITY OF",Iowa
University of Iowa,Iowa
University of Iowa ,Iowa
Iowa State,Iowa State
Iowa State Cyclones,Iowa State
Iowa State University,Iowa State
Ithaca College,Ithaca College
James Madison,James Madison
James Madison University,James Madison
James Madison University,James Madison
James Madison University Duuuuuukes,James Madison
JMU,James Madison
Jetski Police Academy,Jetski Police Academy
John Carroll University,John Carroll University
Johns Hopkins,Johns Hopkins
Johns Hopkins University,Johns Hopkins
Kalamazoo College,Kalamazoo College
Kansas,Kansas
Kansas Jayhawks ,Kansas
"KANSAS, UNIVERSITY OF KANSAS",Kansas
University of Kansas,Kansas
K-State,Kansas State
Kansas State,Kansas State
Kansas State University,Kansas State
Kennesaw State,Kennesaw State
KENNESAW STATE UNIVERSITY (K STATE),Kennesaw State
Kent State,Kent State
Kent State Umiversitee,Kent State
Kent State University,Kent State
Kent State University Golden Flashes,Kent State
Kentucky,Kentucky
Kentucky ,Kentucky
Kentucky Wildcats,Kentucky
"KENTUCKY, UNIVERSITY OF KENTUCKY",Kentucky
University of Kentucky,Kentucky
University of Kentucky ,Kentucky
Kenyon Colled,Kenyon College
Kenyon College,Kenyon College
Columbus State University,Columbus State University
Knox College,Knox College
Knox,Knox College
Knox Prairie Fire,Knox College
La Salle University,La Salle University
Lafayette,Lafayette College
Lafayette College,Lafayette College
Lander,Lander
Lehigh,Lehigh
Lehigh University,Lehigh
Lehigh University Engineers,Lehigh
Lewis & Clark College Pioneers,Lewis & Clark College
LEWIS UNIVERSITY,Lewis University 
Lewis University ,Lewis University 
Liberty University Fightin' Falwells,Liberty
Lock Haven,Lock Haven University
Lock Haven University,Lock Haven University
Lock Haven University,Lock Haven University
LOCK HAVEN UNIVERSITY,Lock Haven University
LONG BEACH STATE,Long Beach State
Long Beach State ,Long Beach State
Louisiana,Louisiana Lafayette
Louisiana Lafayette,Louisiana Lafayette
Louisiana Ragin' Cajuns,Louisiana Lafayette
"LOUISIANA, UNIV OF LOUISIANA AT LAFAYETTE RAGIN' CAJUNS",Louisiana Lafayette
"LOUISIANA, UNIVERSITY OF LOUISIANA AT LAFAYETTE RAGIN' CAJUNS",Louisiana Lafayette
Louisiana Monroe,Louisiana Monroe
Louisiana Monroe,Louisiana Monroe
Louisiana Monroe ,Louisiana Monroe
"LOUISIANA MONROE, UNIVERSITY OF LOUISIANA AT MONROE (ULM)",Louisiana Monroe
Louisiana-Monroe,Louisiana Monroe
Louisiana- Monroe ,Louisiana Monroe
ULM,Louisiana Monroe
LSU,Louisiana State (LSU)
LSU,Louisiana State (LSU)
Louisiana State University,Louisiana State (LSU)
LOUISIANA STATE UNIVERSITY (LSU),Louisiana State (LSU)
LSU,Louisiana State (LSU)
LSU (but went to St. Joe's in Philly :( no football) ,Louisiana State (LSU)
LSU Tigers,Louisiana State (LSU)
LOUISIANA STATE (LSU),Louisiana State (LSU)
LSU's Husch Blackwell Report,Louisiana State (LSU)
ODU/LSU,Louisiana State (LSU)
Louisiana Tech,Louisiana Tech
Louisiana Tech ,Louisiana Tech
Louisiana Tech University,Louisiana Tech
Louisville,Louisville
Louisville ,Louisville
"LOUISVILLE, UNIVERSITY OF LOUISVILLE",Louisville
Loyola Chicago,Loyola Chicago 
Loyola University Chicago,Loyola Chicago 
Loyola Marymount,Loyola Marymount
Loyola Marymount University,Loyola Marymount
Loyola Marymount University,Loyola Marymount
Lyon College,Lyon College
MACALESTER COLLEGE,Macalester College
Macalester,Macalester College
MACALESTER COLLEGE ,Macalester College
Maine,Maine
Maine Black Bears,Maine
University of Maine,Maine
UNIVERSITY OF MAINE - ORONO,Maine
Make Spencer Eat Cheese University,Make Spencer Eat Cheese University
Marietta College,Marietta College
Marist,Marist College
Marist College,Marist College
Marist College,Marist College
Marist College ,Marist College
Marist College Red Foxes,Marist College
Marquette,Marquette
Marquette University,Marquette
Marshall,Marshall
Marshall and WKU,Marshall
Marshall Thundering Herd,Marshall
Marshall University,Marshall
Maryland,Maryland
Maryland Terrapins,Maryland
"MARYLAND, UNIVERSITY OF MARYLAND",Maryland
"MARYLAND, UNIVERSITY OF MARYLAND LAW",Maryland
University of Maryland,Maryland
University of Maryland ,Maryland
University of Maryland Law,Maryland
Masaryk University,Masaryk University
Massachusetts College of Liberal Arts,Massachusetts College of Liberal Arts
Massachusetts College of Liberal Arts,Massachusetts College of Liberal Arts
Mayville State University,Mayville State University
McDaniel College,McDaniel College
McMurry University,McMurry University
McNeese State,McNeese State
McNeese State University,McNeese State
MCNESSE STATE,McNeese State
Memphis,Memphis
Memphis State Tigers,Memphis
Memphis Tigers,Memphis
"MEMPHIS, UNIVERSITY OF MEMPHIS/MEMPHIS STATE (TIGERS)",Memphis
University of Memphis ,Memphis
Mercer,Mercer
Mercer Bears,Mercer
Mercer University,Mercer
Miami,Miami (FL)
Miami (FL),Miami (FL)
Miami Hurricanes,Miami (FL)
"MIAMI, UNIVERSITY OF MIAMI  (HURRICANES)",Miami (FL)
"MIAMI, UNIVERSITY OF MIAMI (HURRICANES)",Miami (FL)
Miami(FL),Miami (FL)
Not Miami,Miami (FL)
University of Miami,Miami (FL)
University of Miami Hurricanes,Miami (FL)
Miami (OH),Miami (OH)
Miami Ohio,Miami (OH)
Miami University,Miami (OH)
Miami University ,Miami (OH)
"MIAMI UNIVERSITY (OXFORD, OH)",Miami (OH)
Miami University RedHawks,Miami (OH)
EXTRA POINTS WANTS YOU TO KNOW THAT THE UNABOMBER WENT TO MICHIGAN,Protect Trans Kids University
Macalester College & University of Michigan,Michigan
Meechigan,Michigan
Michigan,Michigan
Michigan,Michigan
Michigan,Michigan
Michigan ,Michigan
Michigan Daily Sports Section,Michigan
Michigan Wolverines,Michigan
"MICHIGAN, UNIVERSITY OF MICHIGAN",Michigan
SACK TIME,Michigan
The University of Michigan,Michigan
University of Michigan,Michigan
University of Michigan ,Michigan
University of Michigan - Basketball School,Michigan
University of Michigan Fighting Harbaughs,Michigan
University' of Michigan,Michigan
Agricultural College of the State of Michigan,Michigan State
Michigan State,Michigan State
Michigan State ,Michigan State
Michigan State Spartans,Michigan State
Michigan State University,Michigan State
Michigan State University ,Michigan State
Michigan Tech,Michigan Tech
Michigan Technological University,Michigan Tech
Middle Tennessee,Middle Tennessee State
Middle Tennessee State,Middle Tennessee State
Middle Tennessee State University,Middle Tennessee State
MTSU,Middle Tennessee State
MIDDLEBURY,Middlebury College
MIDDLEBURY COLLEGE,Middlebury College
Milligan,Milligan
Milligan University,Milligan
Milligan University Buffaloes,Milligan
Millsaps College,Millsaps College
Minnesota,Minnesota
Minnesota,Minnesota
Minnesota ,Minnesota
Minnesota Duluth,Minnesota
"Minnesota Duluth, University of",Minnesota
Minnesota Golden Gophers,Minnesota
Minnesota Gophers,Minnesota
"MINNESOTA, UNIVERSITY OF MINNESOTA",Minnesota
University of Minnesota,Minnesota
Minnesota State University,Minnesota State 
Misericordia University,Misericordia University
"MISSISSIPPI, UNIVERSITY OF MISSISSIPPI (OLE MISS)",Mississippi (Ole Miss)
Ole Miss,Mississippi (Ole Miss)
Ole Miss (lol but we ain't morally superior),Mississippi (Ole Miss)
MISSISSIPPI (OLE MISS),Mississippi (Ole Miss)
University of Mississippi,Mississippi (Ole Miss)
University of Mississippi ,Mississippi (Ole Miss)
University of Ole Miss RebelBearSharks,Mississippi (Ole Miss)
Mississippi State,Mississippi State
Mississippi State ,Mississippi State
Mississippi State (Clanga),Mississippi State
Mississippi State Bulldogs,Mississippi State
Mississippi State University,Mississippi State
OLE MISS DOG PISS GUY,Mississippi State
Missouri,Missouri (Mizzou)
Missouri ,Missouri (Mizzou)
Missouri (Mizzou),Missouri (Mizzou)
"MISSOURI, UNIVERSITY OF MISSOURI (MIZZOU)",Missouri (Mizzou)
Mizzou,Missouri (Mizzou)
University of Missouri,Missouri (Mizzou)
University of Missouri Tigers,Missouri (Mizzou)
University of Missouri- St. Louis,University of Missouri-St. Louis
Missouri S&T,Missouri S&T
Missouri University of Science & Technology,Missouri S&T
Missouri State,Missouri State
Missouri State University,Missouri State
Massachusetts Institute of Technology,MIT
Massachusetts Institute of Technology,MIT
MIT,MIT
Massachusetts Institute of Technology (MIT),MIT
Monmouth College,Monmouth College
Monmouth College,Monmouth College
MONTANA,Montana
University of Montana,Montana
University of Montana,Montana
Montana State,Montana State
Montana State - Trout U,Montana State
Montana State Bobcats,Montana State
Montana State University,Montana State
Montana State University,Montana State
The University of Montevallo,Montevallo
Morehouse,Morehouse College
Morehouse College,Morehouse College
Mount Allison University,Mount Allison University
Muhlenberg College,Muhlenberg College
Murray State,Murray State
Murray State University,Murray State
Murray State dadgum Racers,Murray State
Muskingum,Muskingum University
Naropa University,Naropa University
Naropa University Fightin' Shambalas,Naropa University
Navy,Navy
Navy,Navy
United States Naval Academy,Navy
Nebraska,Nebraska
Nebraska ,Nebraska
Nebraska College of Technical Agriculture,Nebraska
Nebraska-Kearney,Nebraska
"NEBRASKA, UNIVERSITY OF NEBRASKA",Nebraska
University of Nebraksa ,Nebraska
University of Nebraska,Nebraska
Nevada,Nevada
Nevada Wolf Pack,Nevada
UNIVERSITY OF NEVADA,Nevada
New Hampshire,New Hampshire
"NEW HAMPSHIRE, UNIVERSITY OF NEW HAMPSHIRE",New Hampshire
University of New Hampshire,New Hampshire
New Mexico,New Mexico
New Mexico State,New Mexico State
New Mexico State!,New Mexico State
New School for Social Research,New School
Nicholls State,Nicholls State
Nicholls State Colonels,Nicholls State
Nicholls State University,Nicholls State
Nicholls,Nicholls State
"Nicholls State University (It's real, y'all)",Nicholls State
Nicholls University,Nicholls State
Norfolk State University,Norfolk State
North Alabama,North Alabama
University of North Alabama,North Alabama
North Carolina,North Carolina (UNC)
North Carolina - Chapel Hill,North Carolina (UNC)
"NORTH CAROLINA, UNIVERSITY OF NORTH CAROLINA (UNC)",North Carolina (UNC)
UNC,North Carolina (UNC)
UNC Chapel Hill,North Carolina (UNC)
NORTH CAROLINA (UNC),North Carolina (UNC)
University of North Carolina,North Carolina (UNC)
University of North Carolina ,North Carolina (UNC)
University of North Carolina at Chapel Hill,North Carolina (UNC)
UNC Women's Basketball,North Carolina (UNC)
NC A&T,North Carolina A&T
North Carolina A&T,North Carolina A&T
NC State,North Carolina State
NC State ,North Carolina State
NORTH CAROLINA STATE,North Carolina State
NORTH CAROLINA STATE UNIVERSITY (WOLFPACK),North Carolina State
THE North Carolina State Wolfpack,North Carolina State
North Central College,North Central College
North Dakota,North Dakota
North Dakota (UND),North Dakota
University of North Dakota,North Dakota
UND,North Dakota
NDSU,North Dakota State
North Dakota State,North Dakota State
NORTH DAKOTA STATE UNIVERSITY (NDSU),North Dakota State
North Florida,North Florida
University of North Florida,North Florida
MEAN GREEN ,North Texas
North Texas,North Texas
University of North Texas,North Texas
Northeastern,Northeastern
Northeastern University,Northeastern
Northeastern University,Northeastern
Northeastern University (football defunct),Northeastern
NAU,Northern Arizona
Northern Arizona,Northern Arizona
Northern Arizona University,Northern Arizona
Northern Colorado,Northern Colorado
University of Northern Colorado,Northern Colorado
NIU,Northern Illinois
Northern Illinois,Northern Illinois
Northern Illinois University ,Northern Illinois
NORTHERN ILLINOIS UNIVERSITY (NIU),Northern Illinois
NORTHERN ILLINOIS (NIU),Northern Illinois
Northern Illinois University,Northern Illinois
Northern Iowa,Northern Iowa
University of Northern Iowa (UNI),Northern Iowa
University of Northern Iowa,Northern Iowa
NORTHERN MICHIGAN,Northern Michigan
Northern Michigan University,Northern Michigan
Northern Michigan University,Northern Michigan
Northwest Missouri State,Northwest Missouri State
Northwest Missouri State University,Northwest Missouri State
Northwestern,Northwestern
Northwestern ,Northwestern
Northwestern University,Northwestern
Northwestern University ,Northwestern
Northwestern University Wildcats ,Northwestern
Northwestern Wildcats,Northwestern
Notre Dame,Notre Dame
Notre Dame ,Notre Dame
Notre Dame and Virginia Tech,Notre Dame
Notre Dame Fighting Irish,Notre Dame
"NOTRE DAME, UNIVERSITY OF NOTRE DAME",Notre Dame
University of Notre Dame,Notre Dame
New York University,NYU
NYU,NYU
NYU (spiritually its a Big 10 school),NYU
NYU,NYU
Oakland University,Oakland University
Oberlin,Oberlin College
Oberlin College,Oberlin College
Oberlin College,Oberlin College
Occidental,Occidental College
Occidental College,Occidental College
Oglethorpe,Oglethorpe University
Oglethorpe University,Oglethorpe University
Ohio,Ohio
Ohio Bobcats,Ohio
Ohio University,Ohio
Ohio University ,Ohio
Ohio State,Ohio State
Ohio State,Ohio State
Ohio State ,Ohio State
Ohio State Buckeyes,Ohio State
Ohio State University,Ohio State
Ohio State University ,Ohio State
"Ohio State University, The",Ohio State
THE BUCKS!,Ohio State
THE Ohio State,Ohio State
The Ohio State University,Ohio State
The Ohio State University ,Ohio State
Oklahoma,Oklahoma
Oklahoma ,Oklahoma
Oklahoma Sooners,Oklahoma
"OKLAHOMA, UNIVERSITY OF OKLAHOMA (SOONERS)",Oklahoma
University of Oklahoma,Oklahoma
Oklahoma State,Oklahoma State
Oklahoma State ,Oklahoma State
OKLAHOMA STATE UNIVERSITY,Oklahoma State
Old Dominion,Old Dominion
Old Dominion Monarchs,Old Dominion
Olin College of Engineering,Olin College of Engineering
Oregon,Oregon
Lakeland University,Lakeland University
Oregon Ducks,Oregon
Oregon GO DUCKS,Oregon
"OREGON, UNIVERSITY OF OREGON (DUCKS)",Oregon
University of Oregon,Oregon
University of Oregon ,Oregon
University of Oregon Ducks,Oregon
Delta Kappa Epsilon,Protect Trans Kids University
Illinois College,Illinois College
Your Mom Goes To College,Protect Trans Kids University
Ireland,Ireland Rugby
Oregon State,Oregon State
ESSENDON BOMBERS,Protect Trans Kids University
OREGON STATE UNIVERSITY,Oregon State
Hugh Freeze Did Not Deserve a Second Chance and Never Earned One and Should Be Fired for Offensive Red Zone Mismanagement in the Iron Bowl University,Protect Trans Kids University
#CharitibundiBowl,Protect Trans Kids University
A.F.C. Richmond Greyhounds,Protect Trans Kids University
All Blacks,Protect Trans Kids University
"Antioch the Birthday Spider Institute for Higher Learning, Mid-South Campus Extension",Protect Trans Kids University
Arsenal FC,Protect Trans Kids University
Atlanta United,Protect Trans Kids University
Atlanta United ,Protect Trans Kids University
Atlanta United University ,Protect Trans Kids University
BIG PANTS UNIVERSITY,Protect Trans Kids University
Dale Earnhardt College,Protect Trans Kids University
"Calico Storico Red Team (seriously, look it up)",Protect Trans Kids University
Canada,Protect Trans Kids University
Celtic FC,Protect Trans Kids University
Chelsea F.C.,Protect Trans Kids University
Cinerama U,Protect Trans Kids University
Columbus Crew,Protect Trans Kids University
Cuban Athletic Club,Protect Trans Kids University
Day Beef College,Protect Trans Kids University
Deer Creek High School,Protect Trans Kids University
TRUFFLE UNIVERSITY,Protect Trans Kids University
Delaware/Radford,Delaware
Denver Broncos,Protect Trans Kids University
Detroit Red Wings,Protect Trans Kids University
Directional Community Colleges of Florida,Protect Trans Kids University
Duke's Mayo Bowl,Protect Trans Kids University
DUUUUUUUUUVALLLLLLLLLLLLLL,Protect Trans Kids University
Facultad de Medicinal. Universidad de la Republica. UDELAR.,Protect Trans Kids University
Fansville TECH,Protect Trans Kids University
FC St. Pauli,Protect Trans Kids University
FOOTVAWL CLUB CINCINNATI,Protect Trans Kids University
Free Gaza,Protect Trans Kids University
Fulham FC,Protect Trans Kids University
Gettysburg Club Rugby,Protect Trans Kids University
Great American Conference (D2),Protect Trans Kids University
"PAC-12 at large, RIP",Protect Trans Kids University
Hand in the Dirt University,Hand in the Dirt University
Hand in the Dirt,Hand in the Dirt University
Hand in the Dirt Crew,Hand in the Dirt University
Hogwarts School of Witchcraft and Wizardry,Protect Trans Kids University
Ireland Rugby,Ireland Rugby
Ireland Rugby,Ireland Rugby
Jacksonville Jaguars,Protect Trans Kids University
Jacksonville State,Jacksonville State
Jacksonville State University,Jacksonville State
Jacksonville University,Jacksonville University
JNCO TECH,Protect Trans Kids University
Jokic - True MVP,Protect Trans Kids University
Ken Jennings,Protect Trans Kids University
Kepa is a Clown,Protect Trans Kids University
Notable Dogs in College Football and Eslewhere,Protect Trans Kids University
Kyiv University,Protect Trans Kids University
Liberty,Liberty
Liberty Suuuuuuuuuuuuuuuuuuuuuuuuuuuuuuuuuuuuuuuuuuuuuuuuuuuuuuuuuuuuuuuuuuuuuuuuuuuuuuuuuuuuuuuuuuuuuuuuuuuuuuuuuuuuuuuuuuuuuuuuuuuuuuuuuuuuuuuuuuuuuuuuuuuuuuuuuuuuuuuuuuuuuuuuuuuuuuuuuuuuuuuuuuuuuuuuuuuuuuuuuuuuuuuuuuuuuuuuuuuuuuuuuuuuuuuuuuuuuuuuuuucks,Protect Trans Kids University
Liverpool,Protect Trans Kids University
San Diego,Protect Trans Kids University
LIVERPOOL FC,Protect Trans Kids University
Loras College,Loras College
Luther College,Luther College
MAGRATH HIGH SCHOOL,Protect Trans Kids University
Magrath high school ,Protect Trans Kids University
Make Him Smooth School of Cosmetology,Protect Trans Kids University
MAKE SPENCER DRINK BEERS UNIVERSITY,Protect Trans Kids University
Martha University,Protect Trans Kids University
"Mason High School of Mason, MI",Protect Trans Kids University
Matt,Protect Trans Kids University
MEMPHIS GRIZZLIES,Protect Trans Kids University
Mexico City Wild Wings,Mexico City Wild Wings
Minot State University Beavers,Minot State University
Montreal Canadiens,Protect Trans Kids University
NANNI STATE SCHOOL OF LAW,Protect Trans Kids University
Night Ham State,University of Night Ham
Nightham University,University of Night Ham
Penn Hills,Protect Trans Kids University
Penn Hills HS,Protect Trans Kids University
Pete Golding's Table-Wine Vineyard (est 2021),Protect Trans Kids University
Philadelphia Eagles,Protect Trans Kids University
Richmond Football Club ,Protect Trans Kids University
Ryan Nanni's Central State Technical University of Dog Law,Protect Trans Kids University
Saint Ignatius High School,Protect Trans Kids University
Seattle Sounders,Protect Trans Kids University
Sickos Committee,Protect Trans Kids University
Some College,Protect Trans Kids University
Some college!,Protect Trans Kids University
Somerset County Cricket Club,Protect Trans Kids University
Somerset Rugby,Protect Trans Kids University
St Helens RFC,Protect Trans Kids University
St. Helens Rugby League Football Club,Protect Trans Kids University
St. Louis City SC,Protect Trans Kids University
STEELY DAN UNIVERSITY,Protect Trans Kids University
STEELY DAN UNIVERSITY,Protect Trans Kids University
Tampa Bay Lightning,Protect Trans Kids University
TBI ,Protect Trans Kids University
Team Matt,Protect Trans Kids University
TERRY BOATASS COMMUNITY COLLEGE,Protect Trans Kids University
The Donald Trump Voter Fraud Hotline,Protect Trans Kids University
The Matildas,Protect Trans Kids University
The Matildas,Protect Trans Kids University
The New York Mets,Protect Trans Kids University
TRUMP LOST,Protect Trans Kids University
UMATTS,Protect Trans Kids University
UNIVERSITY OF DALE EARNHARDT,Protect Trans Kids University
UTRGV,Protect Trans Kids University
VfB Stuttgart,Protect Trans Kids University
"Virginia High School (Bristol, VA)",Protect Trans Kids University
Washington Nationals,Protect Trans Kids University
West Ham United,Protect Trans Kids University
What?,Protect Trans Kids University
Wolverhampton Wanderers,Protect Trans Kids University
Northern Virginia Community College,Protect Trans Kids University
GIVE THEM KIDS THEIR MONEY,Pay Them Kids Their Money
PAY THEM KIDS THEIR MONEY,Pay Them Kids Their Money
Team pay the kids ,Pay Them Kids Their Money
Penn,Penn
Penn,Penn
Penn,Penn
Penn (not State; just Penn),Penn
University of Pennsylvania,Penn
Penn St ,Penn State
Penn State,Penn State
Penn State,Penn State
Penn State ,Penn State
Penn State but give it to whoever is closest to THE BUCKS!,Penn State
Penn State University,Penn State
Pennsylvania State University,Penn State
PSU,Penn State
Pepperdine University,Pepperdine University
PITTSBURG STATE UNIVERSITY,Pittsburg State University
Pittsburg State,Pittsburg State University
Pitt,Pittsburgh (Pitt)
Pitt ,Pittsburgh (Pitt)
Pitt Panthers,Pittsburgh (Pitt)
Pittsburgh,Pittsburgh (Pitt)
PITTSBURGH (PITT),Pittsburgh (Pitt)
Pittsburgh Panthers,Pittsburgh (Pitt)
"PITTSBURGH, UNIVERSITY OF PITTSBURGH (PITT PANTHERS)",Pittsburgh (Pitt)
University of Pittsburgh,Pittsburgh (Pitt)
Plymouth State,Plymouth State
Plymouth State University,Plymouth State
Pomona College,Pomona College
Pomona-Pitzer,Pomona College
Portland State,Portland State
Prairie View A&M,Prairie View A&M
Presbyterian College,Presbyterian College
Princeton,Princeton
Princeton Tigers,Princeton
PRINCETON UNIVERSITY (TIGERS),Princeton
#LetKidsPlay #ProtectTransKids #ProtectTransYouth #ProtectTransLives,Protect Trans Kids University
MAKE TRANS KIDS EAT CHEESY SPENCER BIBLE COLLEGE,Protect Trans Kids University
MAKE TRANS KIDS EAT CHEESY SPENCER BIBLE COLLEGE,Protect Trans Kids University
Protect Trans Kids University,Protect Trans Kids University
TRANS RIGHTS,Protect Trans Kids University
PTKU,Protect Trans Kids University
Trans-rights,Protect Trans Kids University
Trans-rights,Protect Trans Kids University
TRANS U,Protect Trans Kids University
Providence,Providence College
Providence College,Providence College
University of Puget Sound,Puget Sound
Purdue,Purdue
Purdue ,Purdue
Purdue Boilermakers,Purdue
Purdue University,Purdue
QUEEN'S UNIVERSITY,Queen's University 
Queen's University ,Queen's University 
Quinnipiac,Quinnipiac University
Radcliffe College,Radcliffe College
Radford University,Radford
Randolph-Macon,Randolph-Macon
RANDOLPH-MACON COLLEGE,Randolph-Macon
Reed College,Reed College
Rhodes College,Rhodes College
Rice,Rice
Rice University,Rice
University of Richmond,Richmond
Richmond,Richmond
Rider University,Rider University
Ripon College,Ripon College
Robert Morris University,Robert Morris
Rochester,Rochester
"ROCHESTER, UNIVERSITY OF ROCHESTER",Rochester
University of Rochester,Rochester
Rochester Institute of Technology,Rochester Institute of Technology
Rose Hulman,Rose-Hulman
Rose Hulman Institute of Technology,Rose-Hulman
Rose-Hulman,Rose-Hulman
Rose-Hulman Institute of Technology,Rose-Hulman
Rowan University,Rowan University
Rensselaer Polytechnic Institute,RPI
R.P.I.,RPI
RPI,RPI
Russell Sage College,Russell Sage College
Rutgers,Rutgers
Rutgers,Rutgers
RUTGERS ,Rutgers
RUTGERS UNIVERSITY,Rutgers
Ryerson University Rams,Ryerson University
RYERSON UNIVERSITY( RAMS),Ryerson University
"CSU, Sacramento",Sacramento State
Sac State,Sacramento State
Sacramento State,Sacramento State
Saginaw Valley State,Saginaw Valley State
Saginaw Valley State University,Saginaw Valley State
Saginaw Valley State University,Saginaw Valley State
Saint Joseph's University,Saint Joseph's University (PA)
St. Joseph's (NY),St. Joseph's University (NY)
Saint Joseph's University (PA),Saint Joseph's University (PA)
Saint Joseph's (PA),Saint Joseph's University (PA)
St. Joseph's University,St. Joseph's University (NY)
Saint Louis University,Saint Louis University
Saint Louis University (RIP),Saint Louis University
Saint Mary's College of California,Saint Mary's College of California
Saint Mary's College of California (Gaels),Saint Mary's College of California
St Mary's College of California,Saint Mary's College of California
Sam Houston State,Sam Houston State
Sam Houston State University,Sam Houston State
Sam Houston State University,Sam Houston State
San Diego State,San Diego State
San Diego State University,San Diego State
San Diego State University ,San Diego State
San Francisco State,San Francisco State
San Jose State,San Jose State
San José State,San Jose State
San José State,San Jose State
SAN JOSE STATE (SPARTANS),San Jose State
San Jose State Spartans,San Jose State
San Jose State University,San Jose State
Santa Clara,Santa Clara
Santa Clara University,Santa Clara
Seattle University,Seattle University
Seton Hall Pirates,Seton Hall
SETON HALL UNIVERSITY (PIRATES),Seton Hall
Sewanee,Sewanee
Sewanee: The University of the South,Sewanee
Shippensburg,Shippensburg University
Shippensburg University,Shippensburg University
Shippensburg U,Shippensburg University
Siena College,Siena College
Siena Heights University,Siena Heights University
Simon Fraser University,Simon Fraser University
THE Simon Fraser University Nickname TBDs,Simon Fraser University
Simpson College,Simpson College
Skidmore,Skidmore
Skidmore,Skidmore
Skidmore College,Skidmore
Slippery Rock,Slippery Rock
Slippery Rock ,Slippery Rock
Slippery Rock University,Slippery Rock
Smith College,Smith College
Sonoma State ,Sonoma State 
SONOMA STATE UNIVERSITY,Sonoma State 
The Springboks,South Africa Springboks
South Africa Springboks,South Africa Springboks
South Africa Springboks,South Africa Springboks
South Alabama,South Alabama
University of South Alabama,South Alabama
South Carolina,South Carolina
South Carolina Gamecocks,South Carolina
"SOUTH CAROLINA, UNIVERSITY OF SOUTH CAROLINA",South Carolina
University of South Carolina,South Carolina
South Dakota School of Mines & Technology,South Dakota School of Mines and Technology
South Dakota School of Mines and Technology,South Dakota School of Mines and Technology
South Dakota State,South Dakota State
South Dakota State University,South Dakota State
South Dakota State University,South Dakota State
South Dakota State University,South Dakota State
South Dakota State University.,South Dakota State
South Florida,South Florida (USF)
"SOUTH FLORIDA, UNIVERSITY OF SOUTH FLORIDA (USF)",South Florida (USF)
University of South Florida,South Florida (USF)
University of South Florida (USF),South Florida (USF)
SOUTH FLORIDA (USF),South Florida (USF)
University of South Florida (USF),South Florida (USF)
USF,South Florida (USF)
South Plains College,South Plains College
Southeast Missouri State University,Southeast Missouri State
Southeastern Louisiana,Southeastern Louisiana
Southern Arkansas University,Southern Arkansas University
Southern Illinois,Southern Illinois
SOUTHERN ILLINOIS (SALUKIS),Southern Illinois
Southern Illinois Salukis,Southern Illinois
SOUTHERN ILLINOIS UNIVERSITY,Southern Illinois
Southern Illinois University - Carbondale,Southern Illinois
Southern Illinois University Carbondale,Southern Illinois
Southern Illinois University (Carbondale),Southern Illinois
Southern Illinois University (SIU),Southern Illinois
Southern Illinois University (SIU),Southern Illinois
University of Southern Indiana,Southern Indiana
Southern Indiana,Southern Indiana
SMU,Southern Methodist (SMU)
SMU Mustangs,Southern Methodist (SMU)
SOUTHERN METHODIST (SMU),Southern Methodist (SMU)
Southern Methodist University,Southern Methodist (SMU)
Southern Methodist University (SMU),Southern Methodist (SMU)
Southern Miss,Southern Mississippi
Southern Mississippi,Southern Mississippi
Southern Oregon University,Southern Oregon University
Southern Utah University,Southern Utah
Southwestern University,Southwestern University
Luna Wolves,Protect Trans Kids University
Luna Wolves,Protect Trans Kids University
MAKE TRANS KIDS EAT CHEESY SPENCER BIBLE COLLEGE,Protect Trans Kids University
Soviet Cat University,Soviet Cat University
Spring Hill College,Spring Hill College
ST MARY'S UNIVERSITY,St Mary's University 
St Mary's University ,St Mary's University 
St. Bonaventure University,St. Bonaventure
St. Bonaventure,St. Bonaventure
St. Bonaventure Bonnies,St. Bonaventure
University of Bonn,University of Bonn
St. Cloud State,St. Cloud State
St. Cloud State,St. Cloud State
St. Francis Brooklyn,St. Francis Brooklyn
St. John's University (MN),St. John's (MN)
St. John's,St. John's (MN)
St. John's University (NY),St. John's (NY)
St. John's University,St. John's (NY)
St. John's (NY) University,St. John's (NY)
St. Joseph College (Indiana),St. Joseph's College (IN)
St. Mary's College of Maryland,St. Mary's College of Maryland
St. Norbert College,St. Norbert College
St. Olaf College,St. Olaf College
Stanford,Stanford
Stanford ,Stanford
Stanford Cardinal,Stanford
Stanford University,Stanford
Stephen F. Austin State University,Stephen F. Austin
Sterling College,Sterling College
Stetson University,Stetson University
Stillman College,Stillman College
SUNY Albany,SUNY Albany
SUNY Albany,SUNY Albany
SUNY Albany,SUNY Albany
SUNY Brockport,SUNY Brockport
SUNY Cortland,SUNY Cortland
SUNY GENESEO,SUNY Geneseo
SUNY New Paltz,SUNY New Paltz
SUNY Fuckin' Oneonta,SUNY Oneonta
SUNY Oswego,SUNY Oswego
SUNY Potsdam,SUNY Potsdam
Stony Brook University,SUNY Stony Brook
Stony Brook,SUNY Stony Brook
Stony Brook University Seawolves,SUNY Stony Brook
Susquehanna University,Susquehanna University
Swarthmore College,Swarthmore College
Syracuse,Syracuse
Syracuse ,Syracuse
Syracuse Orange,Syracuse
Syracuse Orangemen ,Syracuse
Syracuse University,Syracuse
Syracuse Volleyball,Syracuse
SZD U Gold Trans Ams,SZD U Gold Trans Ams
Temple,Temple
Temple University,Temple
Pizza Western School of Music,Tennessee
Bass Pro Pyramid U.,Tennessee
Dale Earnhardt,Tennessee
Directional Community Colleges of Marion County,Tennessee
EDSBS,Tennessee
Night School Bar,Tennessee
Tennessee,Tennessee
Tennessee ,Tennessee
Tennessee Vawls,Tennessee
Tennessee Vols,Tennessee
Tennessee Volunteer ,Tennessee
Tennessee Volunteers,Tennessee
"TENNESSEE, UNIVERSITY OF TENNESSEE",Tennessee
the vols :( ,Tennessee
University of Tennessee,Tennessee
University of Tennessee ,Tennessee
US Open Cup Sickos,Tennessee
Wossamatta U,Tennessee
Tennessee State University,Tennessee State
Tennessee Tech,Tennessee Tech
Tennessee Tech University,Tennessee Tech
Tennessee Tech University,Tennessee Tech
Texas,Texas
Texas ,Texas
Texas Longhorns,Texas
Texas Longhorns ,Texas
"TEXAS, UNIVERSITY OF TEXAS AT AUSTIN",Texas
The University of Texas,Texas
University of Texas,Texas
University of Texas ,Texas
University of Texas at Austin,Texas
TAMU International (Laredo),Texas A&M
Texas A&M,Texas A&M
Texas A&M,Texas A&M
Texas A&M,Texas A&M
Texas A&M Aggies,Texas A&M
Texas A&M University,Texas A&M
Texas A&M University ,Texas A&M
Texas A&M-Commerce,Texas A&M
TCU,Texas Christian (TCU)
TCU Horned Frogs,Texas Christian (TCU)
TEXAS CHRISTIAN (TCU),Texas Christian (TCU)
TEXAS CHRISTIAN UNIVERSITY (TCU),Texas Christian (TCU)
Texas Christian University,Texas Christian (TCU)
Texas State,Texas State
Texas State University,Texas State
Texas Tech,Texas Tech
Texas Tech University ,Texas Tech
University of Texas at Arlington,Texas-Arlington
UT Arlington,Texas-Arlington
University of Texas at Arlington,Texas-Arlington
The Citadel,The Citadel
St. Scholastica,The College of St. Scholastica
St. Scholastica,The College of St. Scholastica
The college of Wooster,The College of Wooster
The Open University,The Open University 
The University of the West Indies,The University of the West Indies
"The University of the West Indies, St. Augustine",The University of the West Indies
The University of the West Indies - St. Augustine,The University of the West Indies
Toledo,Toledo
"TOLEDO, UNIVERSITY OF TOLEDO",Toledo
University of Toledo,Toledo
Toronto Maple Leafs,Protect Trans Kids University
THE Towson University,Towson
Towson University,Towson
Towson University ,Towson
Transylvania,Transylvania University
Transylvania University,Transylvania University
Transylvania's University ,Transylvania University
Trevecca Nazarene,Trevecca Nazarene University
TRINE UNIVERSITY,Trine University 
Trine University ,Trine University 
Trinity Christian College Trolls,Trinity Christian College
Trinity College,Trinity College (CT)
Trinity College (CT),Trinity College (CT)
Trinity University (Texas),Trinity University (TX)
Trinity University,Trinity University (TX)
Troy,Troy
Troy University,Troy
Truman State,Truman State
Truman State University,Truman State
Tufts,Tufts
Tufts University,Tufts
Tufts University,Tufts
Tulane,Tulane
Tulane ,Tulane
Tulane Green Wave,Tulane
Tulane Men's Basketball,Tulane
Tulane University,Tulane
Tulsa,Tulsa
University of Tulsa,Tulsa
University of Tulsa,Tulsa
Tuskegee University,Tuskegee University
Taxation is Theft (Alabama),Alabama
UAB,UAB (Alabama-Birmingham)
UAB (ALABAMA-BIRMINGHAM),UAB (Alabama-Birmingham)
UAB -- The University of Alabama at Birmingham,UAB (Alabama-Birmingham)
University of Alabama at Birmingham,UAB (Alabama-Birmingham)
University of Alabama Huntsville,UAH (Alabama-Huntsville)
UAH,UAH (Alabama-Huntsville)
UC Davis,UC Davis
"University of California, Davis",UC Davis
"University of California, Irvine",UC Irvine
UC Riverside,UC Riverside
UC San Diego,UC San Diego
UCSD,UC San Diego
"University of California, San Diego",UC San Diego
"CENTRAL FLORIDA, UNIVERSITY OF CENTRAL FLORIDA (UCF)",UCF (Central Florida)
UCF,UCF (Central Florida)
UCF (CENTRAL FLORIDA),UCF (Central Florida)
University of Central Florida,UCF (Central Florida)
Christopher Lening,UCLA
UCLA,UCLA
UCLA ,UCLA
UNIVERSITY OF CRYING ON THE TROLLEY AT THE GROVE,UCLA
UNIVERSITY OF CRYING ON THE TROLLEY AT THE GROVE,UCLA
UC Santa Barbara,UCSB
UCSB,UCSB
UCSB,UCSB
UCSB,UCSB
UNIVERSITY OF CALIFORNIA AT SANTA BARBARA (UCSB),UCSB
UMass,UMass
UMass,UMass
UMass ,UMass
UMass Amherst,UMass
Umass Hockey,UMass
"UMass, Amherst",UMass
University of Massachusetts,UMass
ZooMass,UMass
Umass Lowell,UMass Lowell
"MARYLAND, UNIVERSITY OF MARYLAND- BALTIMORE COUNTY (UMBC)",UMBC
UMBC,UMBC
University of Maryland - Baltimore County,UMBC
University of Maryland- Baltimore County,UMBC
University of Maryland- Baltimore County (UMBC),UMBC
"University of Maryland, Baltimore County (UMBC)",UMBC
UNC ASHEVILLE,UNC Asheville
University of North Carolina-Asheville,UNC Asheville
University of North Carolina Asheville,UNC Asheville
UNC Greensboro,UNC Greensboro
University of North Carolina at Greensboro,UNC Greensboro
University of North Carolina Wilmington,UNC Wilmington
Universidade de São Paulo,Universidade De São Paulo
University of Alaska Anchorage,University of Alaska Anchorage
University of Alaska,University of Alaska Anchorage
University of Alaska Anchorage,University of Alaska Anchorage
Alaska,University of Alaska Anchorage
University of Alaska Fairbanks,University of Alaska Fairbanks
University of Alberta,University of Alberta
UBC,University of British Columbia
University of British Columbia,University of British Columbia
University of British Columbia (UBC),University of British Columbia
Cambridge university,University of Cambridge
University of Cambridge,University of Cambridge
University of Cape Town Ikey Tigers,University of Cape Town
"UCA (CENTRAL ARKANSAS AND YES, I AM BLINDED BY THE PURPLE STRIPES)",University of Central Arkansas
"CHICAGO, UNIVERSITY OF CHICAGO",University of Chicago
THE University of Chicago,University of Chicago
University of Chicago,University of Chicago
University of Chicago Maroons,University of Chicago
"DENVER, UNIVERSITY OF DENVER",University of Denver
University of Denver,University of Denver
UNIVERSITY OF DENVER,University of Denver
University of Denver,University of Denver
University of Edinburgh,University of Edinburgh
University of Guam,University of Guam
UNIVERSITY OF MARY WASHINGTON,University of Mary Washington
Nebraska-Omaha,University of Nebraska-Omaha
University of New Orleans,University of New Orleans
University of New Orleans (UNO),University of New Orleans
University of New Orleans (UNO),University of New Orleans
Knight Ham University ,University of Night Ham
Night Ham,University of Night Ham
Night Ham State University,University of Night Ham
Night Ham University,University of Night Ham
Night Ham University ,University of Night Ham
NIGHT HAM UNIVERSITY/UNIVERSITY OF NIGHT HAM,University of Night Ham
Nightham University,University of Night Ham
University of Night Ham,University of Night Ham
University of Nottingham,University of Nottingham
University of Ottawa,University of Ottawa
University of Ottawa,University of Ottawa
University of Regina,University of Regina
University of Regina,University of Regina
Edinboro University of Pennsylvania,Edinboro University of Pennsylvania
Rhode Island,University of Rhode Island
Rhode Island,University of Rhode Island
University of Rhode Island,University of Rhode Island
University of San Diego,University of San Diego
"SAN FRANCISCO, UNIVERSITY OF SAN FRANCISCO",University of San Francisco
"University of San Francisco, School of Law",University of San Francisco
University of Santo Tomas Growling Tigers,University of Santo Tomas
"University of Santo Tomas, Manila",University of Santo Tomas
University of Saskatchewan,University of Saskatchewan
South Dakota,University of South Dakota
University of South Dakota,University of South Dakota
University of St. Thomas (MN),University of St. Thomas (MN)
THE University of Tampa,University of Tampa
University of Tampa,University of Tampa
University of the Pacific,University of the Pacific
University of Waterloo,University of Waterloo
University of Waterloo,University of Waterloo
University of West Florida,University of West Florida
University of West Florida,University of West Florida
University of West Florida (UWF),University of West Florida
University of West Florida Argonauts,University of West Florida
UNLV,UNLV
Southern California,USC (University Of Southern California)
"SOUTHERN CALIFORNIA, UNIVERSITY OF SOUTHERN CALIFORNIA (USC TROJANS)",USC (University Of Southern California)
UNIV OF SOUTHERN CALIFORNIA (USC TROJANS),USC (University Of Southern California)
University of Southern California,USC (University Of Southern California)
USC (UNIVERSITY OF SOUTHERN CALIFORNIA),USC (University Of Southern California)
University of Southern California ,USC (University Of Southern California)
USC (University of South California),USC (University Of Southern California)
USC,USC (University Of Southern California)
USC Trojans,USC (University Of Southern California)
UT-Rio Grande Valley,UT Rio Grande Valley
UT-Memphis Health Science Center,Memphis
Texas-Permian Basin,UT-Permian Basin
The University of Texas of the Permian Basin,UT-Permian Basin
UT-Permian Basin,UT-Permian Basin
THE University of Utah,Utah
University of Utah,Utah
Universty of Utah,Utah
Utah,Utah
Utah Utes,Utah
"UTAH, UNIVERSITY OF UTAH",Utah
Utah State,Utah State
Utah State University,Utah State
UNIVERSITY OF TEXAS AT EL PASO (UTEP),UTEP
UTEP,UTEP
UTSA,UTSA
UTSA Roadrunners,UTSA
University of Wisconsin-Eau Claire,UW Eau Claire
Wisconsin-Eau Claire,UW Eau Claire
Wisconsin State College at Eau Claire,UW Eau Claire
University of Wisconsin-Milwaukee,UW Milwaukee
University of Wisconsin - Platteville,UW Platteville
University of Wisconsin-Platteville,UW Platteville
Vacation Bible School,Vacation Bible School
Vacation Bible School Podcast,Vacation Bible School
Valdosta State University,Valdosta State University
Valley City State University,Valley City State University
Valparaiso,Valparaiso
Valparaiso University,Valparaiso
Vanderbilt,Vanderbilt
Vanderbilt ,Vanderbilt
VANDERBILT UNIVERSITY,Vanderbilt
Vassar College,Vassar
VCU,VCU
Virginia Commonwealth University ,VCU
VIRGINIA COMMONWEALTH UNIVERSITY (VCU),VCU
Vermont,Vermont
Vermont Law School,Vermont
Villanova,Villanova
Villanova Wildcats,Villanova
Villanova University,Villanova
Chicago / UVa,Virginia (UVA)
Go Birds,Virginia (UVA)
The University of Virginia,Virginia (UVA)
University of Virginia,Virginia (UVA)
University of Virginia ,Virginia (UVA)
VIRGINIA (UVA),Virginia (UVA)
UVA,Virginia (UVA)
Virginia,Virginia (UVA)
Virginia ,Virginia (UVA)
"VIRGINIA, UNIVERSITY OF VIRGINIA (UVA)",Virginia (UVA)
Virginia Tech,Virginia Tech
Virginia tech ,Virginia Tech
Virginia Tech Hokies,Virginia Tech
VT,Virginia Tech
Virginia Wesleyan University,Virginia Wesleyan
Wabash College,Wabash College
Wake Forest,Wake Forest
Washburn University,Washburn University
Washburn University,Washburn University
University of Washington,Washington
University of Washington ,Washington
Washington,Washington
Washington ,Washington
Washington Huskies,Washington
"WASHINGTON, UNIVERSITY OF WASHINGTON (HUSKIES)",Washington
Washington & Le,Washington & Lee
Washington & Lee,Washington & Lee
WASHINGTON & LEE ,Washington & Lee
Washington & Lee University,Washington & Lee
WASHINGTON & LEE UNIVERSITY,Washington & Lee
Washington and Lee,Washington & Lee
Seattle Mariners,Washington State
University of Washington Huskies ,Washington State
Washington State,Washington State
Washington State University,Washington State
Washington Statue University,Washington State
Wazzu,Washington State
Smuckles University,Protect Trans Kids University
Washington University,Washington University in Saint Louis (WashU)
WASHINGTON UNIVERSITY IN SAINT LOUIS (WASHU,Washington University in Saint Louis (WashU)
WASHINGTON UNIVERSITY IN SAINT LOUIS (WASHU,Washington University in Saint Louis (WashU)
Washington University in Saint Louis (WashU),Washington University in Saint Louis (WashU)
Washington University in St Louis,Washington University in Saint Louis (WashU)
Washington University in St. Louis,Washington University in Saint Louis (WashU)
WashU,Washington University in Saint Louis (WashU)
WashU in St. Louis,Washington University in Saint Louis (WashU)
WashU STL,Washington University in Saint Louis (WashU)
Wayne State,Wayne State
Wayne state university,Wayne State
Wayne State University (MI),Wayne State
Wellesley College,Wellesley
Wesleyan,Wesleyan
Wesleyan University,Wesleyan
Wesleyan University,Wesleyan
West Chester University of PA,West Chester University
West Georgia,West Georgia
West Texas A&M,West Texas A&M
West Texas A&M University,West Texas A&M
West Texas A&M University,West Texas A&M
West Virginia,West Virginia
West Virginia ,West Virginia
West Virginia University,West Virginia
WEST VIRGINIA UNIVERSITY (WVU),West Virginia
WVU,West Virginia
West Virginia Wesleyan,West Virginia Wesleyan
West Virginia Wesleyan College,West Virginia Wesleyan
Western Carolina University,Western Carolina
Western Carolina,Western Carolina
Western Illinois,Western Illinois
Western Illinois University,Western Illinois
Western Kentucky,Western Kentucky
Western Kentucky University,Western Kentucky
Western Kentucky University ,Western Kentucky
WKU,Western Kentucky
Western Michigan,Western Michigan
Western Michigan,Western Michigan
Western Michigan University,Western Michigan
Western Michigan University ,Western Michigan
University of Western Ontario,Western Ontario
Western Ontario,Western Ontario
"WESTERN ONTARIO, UNIVERSITY OF WESTERN ONTARIO",Western Ontario
Western Washington,Western Washington
Western Washington University,Western Washington
Westminster College (MO),Westminster College (MO)
Wheaton College IL,Wheaton College
Whitman College,Whitman College
Wichita State,Wichita State
Wichita State University,Wichita State
Wilfrid Laurier University,Wilfrid Laurier University
Wilfrid Laurier University,Wilfrid Laurier University
Wilkes University,Wilkes University
College of William & Mary,William & Mary
William & Mary,William & Mary
William and Mary,William & Mary
William Peace University,William Peace University
Winthrop,Winthrop University
Winthrop University,Winthrop University
 University of Wisconsin,Wisconsin
Univ or Wisconsin-Madison,Wisconsin
University of Wisconsin,Wisconsin
Wisconsin,Wisconsin
Wisconsin,Wisconsin
Wisconsin ,Wisconsin
Wisconsin Badgers,Wisconsin
"WISCONSIN, UNIVERSITY OF WISCONSIN (BADGERS)",Wisconsin
Wittenberg University,Wittenberg University
Wofford College,Wofford
Wofford Terriers,Wofford
Wofford Terriers,Wofford
Worcester Polytechnic Institute,Worcester Polytechnic
WorkSmart University,Protect Trans Kids University
Worsham College of Mortuary Science,Worsham College
Wyoming,Wyoming
Xavier,Xavier
Xavier University,Xavier
Yale,Yale
Yale Bulldogs,Yale
YALE UNIVERSITY (BULLDOGS),Yale
Yeshiva University,Yeshiva University
York College of Pennsylvania,York College of Pennsylvania
YOUNGSTOWN STATE,Youngstown State
Youngstown State ,Youngstown State
Youngstown State University,Youngstown State
West Point,Army
Florida International University,FIU
University of hawaii,Hawai'i
University of New Mexico,New Mexico
ODU,Old Dominion
UNIVERSITY OF TEXAS AT EL PASO,UTEP
University of Wyoming,Wyoming
Youngstown State University,Youngstown State
UTC,Chattanooga
Kennesaw State. Add us to dropdown pls ty,Kennesaw State
Hawai'i,Hawai'i
Kennesaw State University,Kennesaw State
Augsburg University (MN),Augsburg University
This Machine Kills Fascists U,Protect Trans Kids University
Rosemont College,Rosemont College
Free Palestine University,Protect Trans Kids University
Orlando Predators,Protect Trans Kids University
Austin Community College,Protect Trans Kids University
Omaha,University of Nebraska-Omaha
UWF - University of West Florida,University of West Florida
Lakeland Muskies,Lakeland University
Ireland national rugby union team (IRFU),Ireland Rugby
California Institute of Integral Studies,California Institute of Integral Studies
Thiel College,Thiel College
Austin Peay State University,Austin Peay
Mustangs,Southern Methodist (SMU)
Karen,Stanford
Augustana University (SD),Augustana University
But also North Carolina Central University,Protect Trans Kids University
CU Buffs,Colorado
Protect Trans Kids,Protect Trans Kids University
University of Louisville,Louisville
Pacific Lutheran University,Pacific Lutheran University
Green Bay,Protect Trans Kids University
Cabrini College,Cabrini University
University of Alaska-Fairbanks,University of Alaska Fairbanks
University of Southern Mississippi,Southern Mississippi
Milwaukee Area Technical College Audio Department,Protect Trans Kids University
"St John's University, MN",St. John's (MN)
Babson College,Babson College
Scottsdale Community College,Protect Trans Kids University
Westminster College,Westminster College (PA)
St. John's (MN),St. John's (MN)
Eckerd College,Eckerd College
Wofford,Wofford
UW Eau Claire,UW Eau Claire
Kansas City Art Institute,Kansas City Art Institute
Wayne State University (Detroit),Wayne State
Southeastern Louisiana University,Southeastern Louisiana
Alpha Legion,Protect Trans Kids University
Old Dominion University,Old Dominion
Weber State,Weber State
Long Beach State (CSULB),Long Beach State
College of Charleston,College of Charleston
N Iowa,Northern Iowa
Go Birds University,Protect Trans Kids University
Humboldt State/Cal Poly Humboldt,Cal Poly Humboldt
Trinity University (TX),Trinity University (TX)
Chatham University (PA),Chatham University
York College of PA,York College of Pennsylvania
Bellarmine,Bellarmine University
United States Air Force Academy,Air Force
UM-St. Louis,University of Missouri-St. Louis
Canisius University,Canisius University
Radford,Radford
Mount Holyoke,Mount Holyoke
Cal Poly San Luis Obispo,Cal Poly
New College of Florida,New College of Florida
Manhattan University,Manhattan University
Liberty University,Liberty
University of Louisiana at Monroe,Louisiana Monroe
Washington and Lee University,Washington & Lee
Universtiy of Michigan,Michigan
UCLA Bruins,UCLA
"University of Nevada, Reno",Nevada
College of DuPage,Protect Trans Kids University
Elmhurst College,Elmhurst University
Make Spencer Golf in JNCOs University,Protect Trans Kids University
TCNJ,The College of New Jersey
"Oxford University, England",University of Oxford
Birmingham-Southern (dead) College (society),Birmingham-Southern College
Bloomsburg University,Bloomsburg University
University of Central Missouri,University of Central Missouri
Anna Maria Amcats,Anna Maria College
Lake Forest,Lake Forest College
UW La Crosse,UW La Crosse
Great American Conference,Protect Trans Kids University
St. Lawrence University,St. Lawrence University
St. Johns (NY),St. John's (NY)
Evergreen State College,Evergreen State College
THE University of Manitoba,University of Manitoba
Cortland State,SUNY Cortland
University of The Incarnate Word (uiw),University of the Incarnate Word
North Carolina Agricultural & Technical State University,North Carolina A&T
Gaziantep University (Turkey),Gaziantep University
Texas A&M University-Corpus Christi,Texas A&M-Corpus Christi
Indiana State,Indiana State University
University of Manitoba,University of Manitoba
University of Calgary,University of Calgary
Binghamton,Binghamton University
Mississippi College,Mississippi College
Bethany Lutheran College,Bethany Lutheran College
Christopher Newport University (CNU),Christopher Newport University
McGill University,McGill University
Colby College White Mules,Colby College
New Mexico State University,New Mexico State
University of Oxford,University of Oxford
Trinity Christian College,Trinity Christian College
Referees,Maryville College
Gudger College,Protect Trans Kids University
Randolph Field,Protect Trans Kids University
Duquesne,Duquesne University
Bell Biv DeVoe Dome,Northern Arizona
Boston University - Undefeated Since 1997!,Boston University
Salisbury University,Salisbury University
Sauk Valley Community College,Protect Trans Kids University
Long Beach Pyramid,Long Beach State
"Concordia University- Montreal, Quebec",Concordia University
Fairleigh Dickinson University,Fairleigh Dickinson
Round Valley High School,Protect Trans Kids University
UTSA  (Texas-San Antonio),UTSA
SIU-Cdale,Southern Illinois
Bloomsburg,Bloomsburg University
Earldom College,Protect Trans Kids University
Elmira College,Elmira College
"Queen Mary, University of London",Queen Mary University of London
Northern Kentucky University,Northern Kentucky
Harvey Mudd,Harvey Mudd
RCA DOME,Indiana
Notra Dame,Notre Dame
Cleveland Institute of Music,Cleveland Institute of Music
Seton Hall University,Seton Hall
East Texas A&M University,East Texas A&M University
Texas Womans University,Texas Woman's University
Lamar,Lamar University
Eastern Michigan Univeristy,Eastern Michigan
Lamar University,Lamar University
Portland State University,Portland State
Walsh University,Walsh University
Williams College,Williams College
College of Southern Maryland,Protect Trans Kids University
Kalamazoo,Kalamazoo College
Southern Methodist University SMU,Southern Methodist (SMU)
Springfield College,Springfield College
Conestoga College,Conestoga College
UMBC (University of Maryland Baltimore County),UMBC
Lidl-Trek pro cyclist Mads Pedersen,Protect Trans Kids University
UC Santa Cruz,UC Santa Cruz
St. Joseph College - Indiana,St. Joseph's College (IN)
Point Park University,Point Park University
The College of New Jersey,The College of New Jersey
Abolish Illinois Football,Protect Trans Kids University
Spring Hill,Spring Hill College
Allegheny College,Allegheny College
UC Merced,UC Merced
Trinity College (Hartford),Trinity College (CT)
Universit้ Paris-Dauphine,Université Paris Dauphine
TushPushU,Protect Trans Kids University
For Those of Us Who Think It's Weird to Have an Emotional Connection to a School,Protect Trans Kids University
Université Paris-Dauphine,Université Paris Dauphine
University of Vermont,Vermont
University of Portland,University of Portland
Bristol Community College - Attleboro,Protect Trans Kids University
The University Of Dayton,Dayton
Lewis & Clark College,Lewis & Clark College
YSU,Youngstown State
Saint Louis University -- I swear -- had a football team,Saint Louis University
Colby College,Colby College
Howard,Howard University
Virginia Military Institute,Virginia Military Institute
Francis Marion University,Francis Marion University
Indiana University of Pennsylvania (IUP),Indiana University of Pennsylvania
Cardinal Stritch University,Cardinal Stritch University
North Carolina Central University,North Carolina Central University
Katholieke Universiteit Leuven,Katholieke Universiteit Leuven
New Mexico Big Rig School,Protect Trans Kids University
Lake Superior State University,Lake Superior State University
University of San Francisco,University of San Francisco
Eastern Oregon University,Eastern Oregon
Embry Riddle,Embry-Riddle
Philadelphia Union,Protect Trans Kids University
Camden County College,Protect Trans Kids University
Leonor-Rhyne University,Lenoir-Rhyne University
Maryland Institute College of Art,Maryland Institute College of Art
Trinity (CT),Trinity College (CT)
Gettysburg Rugby,Gettysburg College
"Lafayette College - Easton, PA",Lafayette College
UCSF,UCSF
Scottish Rugby,Scottish Rugby
Georgia (UGA),Georgia
"U of Central Oklahoma","Central Oklahoma"
